{
  "test_samples": 100,
  "quantum_accuracy": 0.76,
  "classical_accuracy": 0.85,
  "quantum_advantage": -0.08999999999999997,
  "quantum_predictions": [
    1,
    1,
    1,
    1,
    1,
    0,
    1,
    1,
    1,
    1,
    1,
    0,
    1,
    0,
    1,
    1,
    1,
    1,
    1,
    0,
    0,
    1,
    1,
    1,
    1,
    1,
    1,
    1,
    1,
    1,
    1,
    1,
    1,
    1,
    1,
    1,
    0,
    1,
    1,
    0,
    1,
    1,
    1,
    1,
    1,
    0,
    1,
    1,
    1,
    1,
    1,
    1,
    1,
    1,
    1,
    1,
    0,
    1,
    1,
    1,
    1,
    1,
    1,
    1,
    1,
    1,
    0,
    1,
    0,
    1,
    0,
    1,
    0,
    1,
    1,
    1,
    1,
    1,
    0,
    1,
    1,
    1,
    1,
    0,
    1,
    1,
    1,
    1,
    1,
    0,
    0,
    1,
    0,
    1,
    1,
    1,
    1,
    0,
    1,
    0
  ],
  "classical_predictions": [
    1,
    1,
    1,
    1,
    1,
    0,
    1,
    1,
    1,
    1,
    1,
    0,
    1,
    0,
    1,
    1,
    0,
    1,
    1,
    0,
    0,
    1,
    1,
    1,
    1,
    1,
    1,
    0,
    1,
    0,
    1,
    1,
    1,
    1,
    1,
    1,
    1,
    1,
    1,
    0,
    1,
    1,
    1,
    1,
    1,
    0,
    0,
    1,
    1,
    1,
    1,
    1,
    1,
    1,
    1,
    1,
    0,
    1,
    1,
    0,
    1,
    1,
    1,
    1,
    1,
    1,
    0,
    0,
    0,
    1,
    1,
    1,
    0,
    1,
    1,
    1,
    1,
    1,
    0,
    1,
    1,
    1,
    1,
    0,
    1,
    1,
    1,
    1,
    1,
    0,
    0,
    0,
    0,
    1,
    1,
    1,
    1,
    1,
    1,
    1
  ],
  "quantum_probabilities": [
    0.7865024638241193,
    0.8384293221260548,
    0.7875669008820834,
    0.9236347056171781,
    0.6371031161618801,
    0.3377536149933402,
    0.8808761502623461,
    0.8604161031766031,
    0.793966526422879,
    0.8905626069360306,
    0.9077236698532405,
    0.4434130626056827,
    0.8528858091190874,
    0.21221687429250813,
    0.9287819750604163,
    0.7479456358574478,
    0.6625100450583434,
    0.8797955384096732,
    0.7591212043223832,
    0.2983402447313629,
    0.037311716174412146,
    0.8271671800993461,
    0.8642460224007574,
    0.9590232788156607,
    0.8353100512551246,
    0.8792787801525199,
    0.8311205567946578,
    0.6348390555046534,
    0.8511596619274012,
    0.5866459680373678,
    0.9046880163947134,
    0.9481844186524897,
    0.8634764092725291,
    0.745839966418115,
    0.7612054614795531,
    0.7847820178982043,
    0.38862495465090036,
    0.852366173137172,
    0.7995168495564053,
    0.3602595834406911,
    0.9146509899486378,
    0.9340445941800531,
    0.8380408710507546,
    0.7494808643346104,
    0.8790070868369557,
    0.23704548705772654,
    0.5577816827202926,
    0.7783731618668597,
    0.7953834684299124,
    0.749015543799763,
    0.6895363193085187,
    0.9627311249442794,
    0.8994077248149079,
    0.6541217963692085,
    0.85782180621566,
    0.7683488457485665,
    0.12140232053763189,
    0.8763387209336893,
    0.5105698841578349,
    0.639177470241661,
    0.8774675668549128,
    0.5806283273893993,
    0.8717515402612936,
    0.8562181986163514,
    0.8790152488615899,
    0.8546661227206536,
    0.14709696872569056,
    0.885101003321449,
    0.22037972067188022,
    0.8275529766344084,
    0.31021337332632637,
    0.8643853587251601,
    0.44485736733471004,
    0.9766894873896783,
    0.7502257891856545,
    0.8612403815909111,
    0.8544952456905457,
    0.9522881102842121,
    0.4028879547503078,
    0.860138083717712,
    0.7382322593283348,
    0.8570381535566033,
    0.844644630494888,
    0.14756374042004605,
    0.6050416484653534,
    0.9052131376712397,
    0.6642584907559143,
    0.7153590286936495,
    0.8610873272265045,
    0.2900658138282324,
    0.20167763188720905,
    0.6527732998488941,
    0.4687212201621993,
    0.7774167134623062,
    0.9051225560642758,
    0.8779402390715636,
    0.9048533230425545,
    0.43255825744196913,
    0.9010893067305633,
    0.4434380115992076
  ],
  "classical_probabilities": [
    0.7273506913541281,
    0.9402101466430125,
    0.9846800147394921,
    0.9435239392890836,
    0.8920002672892406,
    0.18122269755078954,
    0.9658528596788156,
    0.987981979826266,
    0.8369952320937974,
    0.9844197753129521,
    0.9728156641733503,
    0.4242901625072131,
    0.9738305046969208,
    0.1336632783450171,
    0.9609989348976427,
    0.7608482438357468,
    0.4517875667300851,
    0.9718763606730424,
    0.6934609940611897,
    0.042995789344765806,
    0.12158625020002893,
    0.9868038394164587,
    0.9519507866824116,
    0.9499859095173857,
    0.9912273889858262,
    0.9729919600000112,
    0.9897468930597879,
    0.36726046140785884,
    0.9878630438016293,
    0.18709670019800168,
    0.9130323286950522,
    0.8958113049342592,
    0.9881728042230972,
    0.8125054617294891,
    0.997577583444751,
    0.8729358044098978,
    0.6511961856636573,
    0.9875794306559615,
    0.9565253636839505,
    0.00132163800327683,
    0.9727979340329403,
    0.9359922290652744,
    0.9821049991464912,
    0.7932785403262996,
    0.8585321449245463,
    0.45718156426586587,
    0.4748013157252077,
    0.908324712867472,
    0.9951995538412683,
    0.9653945705175588,
    0.5310362827305417,
    0.8978755972295819,
    0.8974196530412379,
    0.9249480571437729,
    0.8270689496796585,
    0.9213855439413542,
    0.004107356404447533,
    0.9769330121942201,
    0.8546885356863733,
    0.08137260168541023,
    0.9529145827434878,
    0.8206063501113628,
    0.9804462062626046,
    0.8809684016220944,
    0.9753072060195134,
    0.987007371676356,
    0.001189315238092261,
    0.010274702835207587,
    0.005319314736726429,
    0.9919311505175437,
    0.7089206756234581,
    0.5653051587022199,
    0.22996213775768917,
    0.9231955228135983,
    0.5781248180265465,
    0.9614262638131981,
    0.9768448601409411,
    0.9518045778705494,
    0.09821189992108385,
    0.8710781702238574,
    0.7722248515256537,
    0.9863685128965699,
    0.989232106065354,
    0.0006217743986310903,
    0.5574333961619724,
    0.944485099948375,
    0.8978085981434013,
    0.9587895980152423,
    0.8774645975878106,
    0.05061298218034582,
    0.007180951358429784,
    0.4535018781449551,
    7.709822049539728e-05,
    0.962352173420997,
    0.9388823793213197,
    0.9751070762024938,
    0.9533126060067606,
    0.9621861527548385,
    0.9831390974991614,
    0.8039711010447701
  ],
  "true_labels": [
    0,
    1,
    1,
    1,
    0,
    0,
    1,
    1,
    0,
    1,
    1,
    1,
    1,
    0,
    1,
    1,
    0,
    1,
    1,
    0,
    0,
    1,
    1,
    1,
    0,
    1,
    1,
    0,
    1,
    1,
    1,
    1,
    1,
    1,
    1,
    1,
    1,
    1,
    1,
    0,
    0,
    1,
    1,
    1,
    0,
    0,
    0,
    1,
    1,
    0,
    1,
    1,
    1,
    0,
    1,
    1,
    0,
    1,
    1,
    0,
    1,
    1,
    1,
    0,
    1,
    1,
    0,
    0,
    0,
    1,
    1,
    0,
    0,
    1,
    0,
    1,
    1,
    1,
    0,
    1,
    0,
    1,
    1,
    0,
    1,
    1,
    1,
    1,
    0,
    0,
    0,
    0,
    0,
    1,
    1,
    1,
    1,
    1,
    1,
    1
  ],
  "class_distribution": [
    34,
    66
  ],
  "selected_feature_indices": [
    784,
    2027,
    3016,
    3586
  ],
  "model_config": {
    "n_qubits": 4,
    "n_layers": 3,
    "n_features": 4,
    "preprocessing": "SelectKBest + StandardScaler + QuantumEncoding"
  }
}