{
  "encoding": "amplitude",
  "reduction": "pca",
  "orig_dims": 2048,
  "reduced_dims": 8,
  "n_qubits": 3,
  "n_layers": 2,
  "iterations": 80,
  "train_time_s": 8083.6913895606995,
  "test_acc": 0.7559726962457338,
  "test_f1": 0.6908222185326618,
  "test_auc": 0.7651816186101427
}