{
  "encoding": "amplitude",
  "reduction": "lda",
  "orig_dims": 2048,
  "reduced_dims": 1,
  "n_qubits": 0,
  "n_layers": 2,
  "iterations": 15,
  "train_time_s": 61.72995853424072,
  "test_acc": 0.7295221843003413,
  "test_f1": 0.4218056240749877,
  "test_auc": 0.5
}